1,Los Simpson
2,Medical Investigation
3,South Park
4,Joey
5,El show de la pantera rosa
6,Dr. Who
7,The Benny Hill Show
8,Caballeros del Zodiaco
9,Las Cronicas de Narnia
10,El Triangulo De Las Bermudas
11,V los Visitantes
12,Smallville
13,Lost - Perdidos
14,House
15,Invasion
16,Prison Break
17,One Piece
18,Chicho Terremoto
19,Verano Azul
21,Aida
22,Los 
23,Camera Cafe
24,Erase Una Vez...
25,El Mundo De Chema
26,Las Vegas
27,Bones
28,Don Quijote De La Mancha
29,Blade La Serie
30,The Unit
31,Heidi
32,Friends
33,Aqui No Hay Quien Viva
34,Dragones y Mazmorras
35,Hellsing
36,Dragon Ball
37,Los Roper
38,Numbr
39,Mujeres Desesperadas
40,Mentes Criminales
41,Stargate - Atlantis
42,Mazinger Z
43,Marco [Animación]
44,Fenomenos
45,Eureka
46,Psych
47,Los Serrano
48,Los Hombres De Paco
49,MIR
50,Manolo Y Benito Corporeision
51,Stargate SG-
52,Cuarto Milenio
53,Traffic: La Miniserie
54,Anatomía De Grey
55,Héroes
56,BattleStar Galáctica
57,Norte y Sur
58,Entre Fantasmas
59,Mundo Primitivo
60,Cafetería Manhattan
61,Kyle XY
62,Sobrenatural
63,Cinco Hermanos
64,Veritas
65,Pesadillas De Stephen King
66,Seis Grados
67,Star Trek Enterprise
68,La Que Se Avecina
69,Circulo Rojo
70,Cuenta Atras
71,El Internado
72,Hermanos De Sangre
73,Standoff Los Negociadores
74,Jericho
75,Backyardigans
76,Torchwood
77,A Dos Metros Bajo Tierra
78,Saved
79,Shark
80,Quart: El Hombre De Roma
81,Hermanos Y Detectives
82,Hospital Central
83,El Comisario
84,La Familia Mata
85,Desaparecida
86,R.I.S. Científica
87,El Sindrome De Ulises
88,Twin Peaks
89,Dexter
90,Californication
91,Gominolas
92,Los Informaticos
93,Expediente X
94,Hijos De La Noche
95,Escenas De Matrimonio
96,Física O Química
97,Reaper
98,Sin Tetas No Hay Paraíso
99,Robin Hood
100,Otras
102,Jekyll
103,Roma
104,Aventuras Pequeña Carpa
105,Terminator -Las Crónicas De Sarah Connor
106,Fugitivos
108,Moonlight
109,Flash Gordon
110,New Amsterdam
111,Kung-Fu
112,La Mujer Biónica
113,Greek
114,LEX
115,The Company
116,Ultimo Aviso
117,Generation Kill
118,Los Cazadores De Hombres
119,Cazadores De Hombres
120,Navy. Investigación Criminal
121,Star Wars: Las Guerras Clon
122,True Blood
123,Gossip Girl
124,Fringe
125,El Mentalista
126,Servicio Completo
127,A Ver Si Llego
128,Acusados
129,Flashpoint
130,Cuestión De Sexo
131,Aguilla Roja
132,Life
133,Doctor Mateo
134,Pelotas
135,The Listener
136,Worts Week
137,Painkiller Jane
138,Breaking Bad
139,Terror En Estado Puro
140,Hay Alguien Ahí
141,El Coche Fantástico
142,GSG
143,Crash
144,Las Reglas Del Juego
145,La Chica De Ayer
146,Sensacion De Vivir: La Nueva Generación
147,Merlín
148,U.C.O. -Unidad Central Operativa
149,La Hora 
150,La Leyenda Del Buscador
151,Mental
152,Castle
153,La Señora
154,Crusoe
155,Aliens In America
156,Dead Set
157,Los Misterios De Laura
158,Dollhouse
160,FlashForward
161,Mienteme
163,Harper's Island
164,Army Wives
165,Kings
166,De Repente, Los Gómez
167,Royal Pains
169,Los Tudor
170,V
171,Los Protegidos
172,Stargate Universe
173,NCIS: Los Ángeles
175,Crónicas Vampíricas
176,Gavilanes
178,Gran Reserva
179,Hispania
180,Raices
181,Candy candy dvd
182,La tormenta del siglo
183,Forrito, policía del sexo
184,Grandes héroes y leyendas de la biblia
185,Pocoyó 
186,Inundacion
188,Napoleón
189,Habitación perdida
190,Pressing catch
191,Jackie y nuca
193,Ruy el pequeño cid
195,Alfred hitchcock presenta...
197,Calico electronico 
198,Fama
200,Serie fama
201,Soy el solitario
202,Caillou el magnifico
203,La casa de mickey mouse-
205,Fago
206,Garo
207,Plan américa
208,Dirt
209,Planeta tierra
210,Caminando entre dinosaurios
211,Vaya semanita
212,El caso wanninkhof
214,Life t
216,Deadwood
217,Skins
218,Taken
228,El castigo
229,Ladrón 
236,Hombre rico, hombre pobre 
237,Banner y flappy
242,Mad men
244,El Último
246,La barraca
247,La puerta del más allá
249,Empire falls
251,Una bala para el rey
252,Marisol
253,La pasión
254,Samurai girl
256,Xiii
257,El ultimo superviviente
259,Impact
260,Quién mató a hipólito roldán
261,Naruto
262,Los supervivientes
268,Imperio
269,Watchmen motion comic
271,Cazadores de mitos
272,The beast
273,La ira
275,La vuelta al mundo en 
276,Lola, la película
277,Paquirri
279,Sin identificar
280,Un burka por amor
281,Sanctuary
283,Roma criminal
285,El pacto
286,Hung
287,Inocentes
288,Bored to death
289,Adolfo suarez
291,Sin cita previa
292,Son of anarchy
293,Lasko, el puño de dios
294,The pacific
295,La piel azul
296,El gordo: una historia verdadera
297,Karabudjan
298,El día de los trífidos
299,Caprica
302,La duquesa
303,The  pacific
305,Espartaco
306,Ojo por ojo
307,No soy como tú
308,Supercharly
309,Los pilares de la tierra
310,Las chicas de oro
311,Millennium
312,Tierra De Lobos
313,La princesa de Éboli
314,Felipe y letizia
315,The Walking Dead
316,Serrallonga
317,El Barco
318,Sofía
320,A traves del tiempo
322,Angel O Demonio
324,Crematorio
326,Clara campoamor , la mujer olvidada
327,Vida loca
328,La reina del sur
329,Downton Abbey
330,Mentes en shock
331,Arriba y abajo
332,Guillermo y kate
333,Los quién
334,BuenAgente
335,Piratas
336,Ben hur
338,Los borgia
339,Carlos
340,Falling Skies
342,Plaza De España
343,Punta Escarlata
344,Operación Jaque
345,Cheers (ES)
346,Homicidios
347,Gran Hotel
348,El Ángel De Budapest
349,Marco
350,Rocío Dúrcal: Volver A Verte
351,Tarancón, El Quinto Mandamiento
352,La Fuga
353,Toledo: Cruce De Destinos
354,Con El Culo Al Aire
355,La Maldición De Dark Lake (Un Saco De Huesos)
356,Mi Gitana
